period,axis
33.0,55.38461538461539
34.0,58.0
35.0,55.0
36.0,60.0
37.0,53.68421052631578
38.0,52.09302325581395
39.0,51.21212121212122
40.0,53.68421052631578
41.0,56.66666666666667
42.0,55.0
43.0,63.33333333333334
44.0,50.212765957446805
45.0,56.0
46.0,54.19354838709677
47.0,57.63975155279503
48.0,51.42857142857143
49.0,53.846153846153854
50.0,59.45205479452055
51.0,57.777777777777786
52.0,56.53061224489795
53.0,50.3125
54.0,53.076923076923066
55.0,50.212765957446805
56.0,57.61194029850746
57.0,43.1578947368421
58.0,38.97435897435898
59.0,59.54545454545455
60.0,70.9090909090909
61.0,56.5432098765432
62.0,56.5625
63.0,53.46938775510205
64.0,59.06976744186046
65.0,48.888888888888886
66.0,35.55555555555556
67.0,54.19354838709677
68.0,57.41935483870968
69.0,56.470588235294116
70.0,80.0
71.0,52.222222222222214
72.0,27.05882352941176
73.0,8.57142857142857
74.0,23.58974358974359
75.0,60.0
76.0,20.0
77.0,33.48837209302325
78.0,48.75
79.0,34.285714285714285
80.0,43.63636363636363
81.0,34.54545454545454
82.0,55.0
83.0,62.60869565217391
84.0,37.89473684210527
85.0,
86.0,43.1578947368421
87.0,46.66666666666666
88.0,47.567567567567565
89.0,49.38775510204081
90.0,38.2089552238806
91.0,53.33333333333333
92.0,56.470588235294116
93.0,63.78378378378379
94.0,49.230769230769226
95.0,52.0
96.0,47.272727272727266
97.0,58.125
98.0,54.358974358974365
99.0,59.48717948717949
100.0,42.5
101.0,59.16666666666666
102.0,37.446808510638306
103.0,51.794871794871796
104.0,49.49152542372882
105.0,64.61538461538461
106.0,60.0
107.0,53.076923076923066
108.0,46.66666666666666
109.0,53.846153846153854
110.0,48.627450980392155
111.0,58.72340425531915
112.0,53.33333333333333
113.0,55.40983606557377
114.0,48.888888888888886
115.0,44.81481481481481
116.0,64.21052631578947
117.0,47.85714285714286
118.0,63.33333333333334
119.0,50.58823529411765
120.0,51.42857142857143
121.0,45.90909090909091
122.0,51.23287671232876
123.0,58.94736842105263
124.0,60.59701492537313
125.0,54.50980392156863
126.0,53.46938775510205
127.0,52.0
128.0,60.3921568627451
129.0,53.21428571428571
130.0,62.53968253968253
131.0,53.97260273972603
132.0,62.89473684210526
133.0,53.80952380952381
134.0,58.40909090909091
135.0,45.71428571428571
136.0,61.25
137.0,55.0
138.0,63.75
139.0,50.12987012987013
140.0,56.05633802816901
141.0,51.66666666666667
142.0,59.59183673469387
143.0,57.777777777777786
144.0,60.35714285714286
145.0,52.131147540983605
146.0,58.68852459016394
147.0,47.85714285714286
148.0,47.30769230769231
149.0,52.09302325581395
150.0,57.08333333333334
151.0,53.13432835820896
152.0,65.71428571428571
153.0,38.333333333333336
154.0,54.66666666666667
155.0,45.0
156.0,58.43137254901961
157.0,49.33333333333334
158.0,56.271186440677965
159.0,38.333333333333336
160.0,49.565217391304344
161.0,40.256410256410255
162.0,53.21428571428571
163.0,35.223880597014926
164.0,59.03225806451613
165.0,37.971014492753625
166.0,27.524752475247524
167.0,45.51724137931035
168.0,46.2420382165605
169.0,45.47619047619048
170.0,60.0
171.0,45.75342465753424
172.0,55.0
173.0,53.170731707317074
174.0,54.647887323943664
175.0,52.527472527472526
176.0,47.592592592592595
177.0,55.0
178.0,51.084337349397586
179.0,39.59595959595959
180.0,48.80733944954129
181.0,48.05555555555556
182.0,49.34306569343066
183.0,41.1764705882353
184.0,45.137614678899084
185.0,49.811320754716974
186.0,50.652173913043484
187.0,42.121212121212125
188.0,57.52808988764045
189.0,45.06024096385542
190.0,45.90909090909091
191.0,42.19512195121951
192.0,43.26530612244898
193.0,40.824742268041234
194.0,51.084337349397586
195.0,44.04494382022472
196.0,39.50413223140496
197.0,41.29032258064516
198.0,51.12676056338029
199.0,42.30366492146597
200.0,50.83333333333334
201.0,40.23391812865497
202.0,36.07142857142857
203.0,35.55555555555556
204.0,32.83018867924528
205.0,37.291666666666664
206.0,38.71559633027523
207.0,45.38461538461539
208.0,38.29787234042553
209.0,53.41772151898735
210.0,62.222222222222214
211.0,54.28571428571429
212.0,49.230769230769226
213.0,67.67123287671232
214.0,51.76470588235294
215.0,57.33333333333333
216.0,56.829268292682926
217.0,52.727272727272734
218.0,49.230769230769226
219.0,41.33333333333333
220.0,55.51020408163265
221.0,50.66666666666667
222.0,51.15384615384616
223.0,62.71604938271605
224.0,54.28571428571429
225.0,45.35433070866141
226.0,46.25
227.0,50.07299270072993
228.0,39.33014354066985
229.0,45.420560747663544
230.0,52.727272727272734
231.0,53.80952380952381
232.0,44.423076923076934
233.0,41.212121212121204
234.0,49.86301369863014
235.0,62.758620689655174
236.0,46.315789473684205
237.0,49.64285714285714
241.0,60.55555555555556
242.0,38.620689655172406
243.0,54.69879518072288
244.0,52.09302325581395
245.0,53.73737373737373
246.0,49.230769230769226
247.0,51.186440677966104
248.0,56.923076923076934
249.0,58.66666666666666
250.0,49.04761904761905
251.0,58.43137254901961
252.0,55.0
253.0,55.294117647058826
254.0,38.69565217391305
264.0,52.0
265.0,52.89719626168224
266.0,47.272727272727266
267.0,42.295081967213115
268.0,49.33333333333334
269.0,58.94736842105263
270.0,52.357723577235774
271.0,49.599999999999994
272.0,46.66666666666666
273.0,57.31958762886599
274.0,73.33333333333333
277.0,47.532467532467535
278.0,53.68421052631578
279.0,44.21052631578948
282.0,47.777777777777786
283.0,46.363636363636374
284.0,47.85714285714286
285.0,56.08695652173914
286.0,50.37037037037037
287.0,40.0
288.0,53.71794871794873
289.0,51.59763313609467
290.0,56.7175572519084
291.0,49.230769230769226
292.0,57.97619047619048
293.0,53.529411764705884
294.0,50.8955223880597
295.0,54.57627118644068
296.0,48.61313868613139
297.0,54.675324675324674
298.0,54.611398963730565
299.0,51.25748502994011
300.0,55.22123893805309
301.0,59.03780068728523
302.0,27.05882352941176
305.0,74.73684210526315
306.0,53.643410852713174
307.0,56.0
308.0,55.96899224806202
309.0,54.52229299363057
310.0,49.67213114754098
311.0,56.53061224489795
312.0,58.048780487804876
313.0,51.26436781609196
314.0,58.57142857142857
315.0,55.75757575757575
316.0,46.66666666666666
317.0,41.40350877192983
318.0,47.39130434782609
319.0,42.01550387596899
320.0,55.581395348837205
321.0,37.49999999999999
322.0,56.470588235294116
323.0,52.46376811594203
324.0,55.324675324675326
325.0,50.0
326.0,40.0
327.0,47.32673267326733
328.0,46.33663366336634
329.0,40.0
330.0,41.386138613861384
331.0,52.26890756302521
332.0,45.77181208053692
333.0,53.91304347826086
334.0,49.473684210526315
335.0,57.777777777777786
336.0,49.49152542372882
337.0,49.38775510204081
338.0,57.60617760617761
339.0,51.21212121212122
340.0,56.28865979381443
341.0,57.777777777777786
342.0,49.31818181818183
343.0,57.02702702702703
344.0,46.66666666666666
345.0,53.86363636363636
346.0,60.519480519480524
347.0,55.36231884057972
348.0,63.529411764705884
349.0,51.42857142857143
350.0,46.66666666666666
351.0,49.306930693069305
352.0,54.712643678160916
353.0,59.22077922077922
354.0,52.66187050359713
355.0,58.57142857142857
356.0,53.01587301587301
357.0,57.049180327868854
358.0,53.33333333333333
359.0,58.84615384615384
360.0,57.777777777777786
361.0,57.61194029850746
362.0,48.96551724137932
363.0,49.841269841269835
364.0,40.0
365.0,50.90909090909091
366.0,54.46808510638297
367.0,54.19354838709677
368.0,46.66666666666666
369.0,56.271186440677965
370.0,53.23943661971832
371.0,52.97297297297297
372.0,53.68421052631578
373.0,65.71428571428571
374.0,47.924528301886795
375.0,43.29113924050633
376.0,42.0
377.0,50.51282051282051
378.0,60.59701492537313
379.0,56.19047619047619
380.0,48.888888888888886
381.0,37.89473684210527
382.0,59.24528301886792
383.0,53.68421052631578
384.0,58.57142857142857
385.0,49.33333333333334
386.0,48.29268292682927
387.0,39.375
388.0,52.41379310344827
389.0,56.59574468085107
390.0,44.58333333333334
391.0,58.26086956521739
392.0,60.0
393.0,50.270270270270274
394.0,47.64705882352942
395.0,59.310344827586206
397.0,61.25
398.0,59.16666666666666
399.0,48.96551724137932
400.0,52.97297297297297
401.0,45.0
402.0,55.86206896551724
403.0,55.0
404.0,49.44444444444444
405.0,52.727272727272734
406.0,55.75757575757575
407.0,38.333333333333336
408.0,47.567567567567565
409.0,56.470588235294116
410.0,59.6875
411.0,60.59701492537313
412.0,55.75757575757575
413.0,51.42857142857143
414.0,70.9090909090909
415.0,48.421052631578945
416.0,48.421052631578945
417.0,56.923076923076934
418.0,42.06896551724138
419.0,55.0
420.0,56.0
421.0,74.44444444444444
422.0,53.33333333333333
423.0,57.777777777777786
424.0,59.41176470588235
425.0,50.58823529411765
426.0,45.51724137931035
427.0,65.0
428.0,60.0
429.0,67.5
430.0,57.777777777777786
431.0,58.94736842105263
432.0,52.727272727272734
433.0,32.63157894736842
434.0,48.421052631578945
435.0,44.705882352941174
436.0,56.19047619047619
437.0,53.68421052631578
438.0,60.0
439.0,42.5
440.0,38.333333333333336
441.0,37.14285714285714
442.0,45.0
443.0,48.421052631578945
444.0,56.19047619047619
445.0,70.0
446.0,60.0
447.0,32.38095238095239
448.0,46.66666666666666
449.0,32.38095238095239
450.0,71.66666666666666
451.0,48.421052631578945
452.0,62.60869565217391
453.0,42.96296296296296
454.0,55.0
455.0,56.19047619047619
456.0,41.111111111111114
457.0,30.0
458.0,57.272727272727266
459.0,50.45454545454545
460.0,41.53846153846154
461.0,51.875
462.0,50.0
463.0,41.904761904761905
464.0,72.85714285714286
465.0,56.19047619047619
466.0,52.727272727272734
467.0,57.777777777777786
468.0,55.0
469.0,55.0
470.0,53.076923076923066
471.0,64.21052631578947
472.0,43.63636363636363
473.0,57.777777777777786
474.0,60.64516129032258
475.0,36.25
476.0,51.875
477.0,52.222222222222214
478.0,48.0
479.0,64.61538461538461
480.0,48.96551724137932
481.0,41.76470588235294
482.0,60.0
483.0,62.14285714285714
484.0,55.0
485.0,57.272727272727266
486.0,42.96296296296296
487.0,57.777777777777786
488.0,44.28571428571429
489.0,52.97297297297297
490.0,42.5
491.0,51.42857142857143
492.0,43.829787234042556
493.0,37.57575757575758
494.0,43.63636363636363
495.0,42.06896551724138
496.0,50.58823529411765
497.0,47.213114754098356
498.0,64.84848484848484
499.0,50.83333333333334
500.0,60.769230769230774
501.0,45.51724137931035
502.0,58.26086956521739
503.0,55.0
504.0,50.83333333333334
505.0,45.0
506.0,56.923076923076934
507.0,70.9090909090909
508.0,12.258064516129032
509.0,19.705882352941174
510.0,60.95238095238095
511.0,61.48148148148148
512.0,68.23529411764706
513.0,60.769230769230774
514.0,51.42857142857143
515.0,48.0
516.0,63.33333333333334
517.0,70.47619047619048
518.0,45.0
519.0,62.35294117647058
520.0,66.66666666666667
521.0,60.0
522.0,39.375
523.0,60.0
524.0,51.42857142857143
525.0,53.076923076923066
526.0,65.71428571428571
527.0,42.5
528.0,38.82352941176471
529.0,45.0
530.0,56.923076923076934
531.0,44.0
532.0,52.5
533.0,39.375
534.0,60.95238095238095
535.0,46.66666666666666
536.0,50.270270270270274
537.0,39.09090909090909
538.0,58.78787878787878
539.0,48.0
540.0,26.42857142857143
541.0,32.38095238095239
542.0,34.54545454545454
543.0,37.77777777777777
544.0,56.31578947368422
545.0,44.86486486486487
546.0,62.35294117647058
547.0,43.888888888888886
548.0,62.60869565217391
549.0,48.96551724137932
550.0,46.66666666666666
551.0,41.36363636363637
552.0,57.272727272727266
553.0,52.222222222222214
554.0,63.33333333333334
555.0,57.777777777777786
556.0,50.58823529411765
557.0,52.222222222222214
558.0,68.88888888888889
559.0,41.53846153846154
560.0,46.66666666666666
561.0,42.22222222222222
562.0,50.37037037037037
563.0,62.758620689655174
564.0,47.39130434782609
565.0,32.63157894736842
566.0,42.5
567.0,54.50980392156863
568.0,40.526315789473685
569.0,31.515151515151516
570.0,45.0
571.0,43.41463414634146
572.0,55.609756097560975
573.0,48.75
574.0,56.41509433962264
575.0,57.08333333333334
576.0,48.85245901639344
577.0,52.222222222222214
578.0,53.86363636363636
579.0,44.28571428571429
580.0,57.777777777777786
581.0,44.86486486486487
582.0,36.25
583.0,42.7906976744186
584.0,44.28571428571429
585.0,57.777777777777786
586.0,47.272727272727266
587.0,50.73170731707317
588.0,60.0
589.0,44.705882352941174
590.0,41.904761904761905
591.0,56.0
592.0,45.51724137931035
593.0,39.25925925925925
594.0,49.6969696969697
595.0,35.172413793103445
596.0,50.0
597.0,59.16666666666666
598.0,59.16666666666666
599.0,51.42857142857143
600.0,44.705882352941174
601.0,53.529411764705884
602.0,65.0
603.0,61.81818181818183
604.0,43.1578947368421
605.0,64.0
606.0,63.33333333333334
607.0,14.782608695652172
608.0,48.75
609.0,53.68421052631578
610.0,49.6969696969697
611.0,44.705882352941174
612.0,53.91304347826086
613.0,50.96774193548387
614.0,60.0
615.0,52.41379310344827
616.0,35.55555555555556
617.0,48.75
618.0,60.0
619.0,41.904761904761905
620.0,25.0
621.0,45.116279069767444
622.0,45.90909090909091
623.0,58.78787878787878
624.0,48.421052631578945
625.0,49.04761904761905
626.0,32.77777777777778
627.0,58.94736842105263
628.0,44.81481481481481
629.0,51.42857142857143
630.0,33.84615384615385
631.0,30.0
632.0,52.727272727272734
633.0,28.214285714285715
634.0,31.694915254237287
635.0,36.00000000000001
636.0,33.57142857142857
637.0,38.620689655172406
638.0,50.96774193548387
639.0,52.0
640.0,65.0
641.0,56.470588235294116
642.0,51.05263157894737
643.0,26.875
644.0,45.0
645.0,44.28571428571429
646.0,40.0
647.0,53.076923076923066
648.0,40.71428571428571
649.0,63.33333333333334
650.0,42.5
651.0,65.71428571428571
652.0,41.904761904761905
653.0,43.1578947368421
654.0,39.09090909090909
655.0,57.41935483870968
656.0,49.565217391304344
657.0,53.91304347826086
658.0,45.21739130434783
659.0,42.5
660.0,55.0
661.0,61.25
662.0,62.60869565217391
663.0,51.42857142857143
664.0,57.41935483870968
665.0,51.42857142857143
666.0,44.86486486486487
667.0,49.230769230769226
668.0,23.47826086956522
669.0,62.14285714285714
670.0,41.53846153846154
671.0,53.68421052631578
672.0,53.91304347826086
673.0,56.19047619047619
674.0,45.38461538461539
675.0,35.00000000000001
676.0,66.36363636363636
677.0,63.33333333333334
678.0,52.727272727272734
679.0,58.94736842105263
680.0,36.52173913043478
681.0,62.35294117647058
682.0,52.0
683.0,41.111111111111114
684.0,30.0
685.0,45.38461538461539
686.0,42.5
687.0,57.272727272727266
688.0,46.66666666666666
689.0,64.21052631578947
690.0,43.63636363636363
691.0,53.33333333333333
692.0,54.28571428571429
693.0,48.0
694.0,50.58823529411765
695.0,42.5
696.0,32.63157894736842
697.0,59.16666666666666
698.0,36.52173913043478
699.0,39.25925925925925
700.0,57.272727272727266
701.0,60.0
702.0,57.272727272727266
703.0,49.230769230769226
704.0,50.37037037037037
705.0,53.68421052631578
706.0,60.0
